Name,Position,Attack,Defense,Passing,Stamina,Consistency,Club,Matches_Last_5Y,Goals_Last_5Y,Assists_Last_5Y,FIFA_Ranking_Contribution
Stanley Nwabali,GK,10,88,70,86,8.6,Chippa United,32,0,0,8.2
Ola Aina,DF,77,84,82,94,8.8,Nottingham Forest,52,6,12,9.0
Calvin Bassey,DF,70,90,80,92,9.0,Fulham,46,5,7,9.0
Semi Ajayi,DF,62,88,76,90,8.6,West Brom,48,7,4,8.4
Raphael Onyedika,MF,80,84,86,92,8.8,Club Brugge,42,9,11,8.6
Alex Iwobi,MF,87,74,90,92,9.0,Fulham,54,12,16,9.0
Joe Aribo,MF,84,78,88,94,8.8,Southampton,52,11,14,8.8
Victor Osimhen,FW,98,50,82,92,9.8,Napoli,52,36,14,9.9
Ademola Lookman,FW,94,54,88,90,9.2,Atalanta,48,24,17,9.2
Samuel Chukwueze,FW,92,52,86,90,9.0,AC Milan,50,16,18,9.0
Moses Simon,FW,90,56,84,92,8.8,Nantes,54,18,20,8.8
